-- phpMyAdmin SQL Dump
-- version 5.2.1
-- https://www.phpmyadmin.net/
--
-- Host: 127.0.0.1
-- Generation Time: Jun 14, 2025 at 09:06 PM
-- Server version: 10.4.32-MariaDB
-- PHP Version: 8.2.12

SET SQL_MODE = "NO_AUTO_VALUE_ON_ZERO";
START TRANSACTION;
SET time_zone = "+00:00";


/*!40101 SET @OLD_CHARACTER_SET_CLIENT=@@CHARACTER_SET_CLIENT */;
/*!40101 SET @OLD_CHARACTER_SET_RESULTS=@@CHARACTER_SET_RESULTS */;
/*!40101 SET @OLD_COLLATION_CONNECTION=@@COLLATION_CONNECTION */;
/*!40101 SET NAMES utf8mb4 */;

--
-- Database: `kasir_skincare`
--

-- --------------------------------------------------------

--
-- Table structure for table `kategori`
--

CREATE TABLE `kategori` (
  `id` int(11) NOT NULL,
  `nama_kategori` varchar(100) NOT NULL
) ENGINE=InnoDB DEFAULT CHARSET=utf8mb4 COLLATE=utf8mb4_general_ci;

--
-- Dumping data for table `kategori`
--

INSERT INTO `kategori` (`id`, `nama_kategori`) VALUES
(1, 'Serum'),
(2, 'Toner'),
(3, 'Moisturizer'),
(4, 'Sunscreen'),
(5, 'Cleanser');

-- --------------------------------------------------------

--
-- Table structure for table `pelanggan`
--

CREATE TABLE `pelanggan` (
  `id` int(11) NOT NULL,
  `nama` varchar(100) NOT NULL,
  `kontak` varchar(50) DEFAULT NULL
) ENGINE=InnoDB DEFAULT CHARSET=utf8mb4 COLLATE=utf8mb4_general_ci;

--
-- Dumping data for table `pelanggan`
--

INSERT INTO `pelanggan` (`id`, `nama`, `kontak`) VALUES
(1, 'Fazira', '0987321'),
(2, 'Sainem', '123450');

-- --------------------------------------------------------

--
-- Table structure for table `produk`
--

CREATE TABLE `produk` (
  `id` int(11) NOT NULL,
  `nama_produk` varchar(100) DEFAULT NULL,
  `id_kategori` int(11) DEFAULT NULL,
  `harga` decimal(10,2) DEFAULT NULL,
  `stok` int(11) DEFAULT NULL
) ENGINE=InnoDB DEFAULT CHARSET=utf8mb4 COLLATE=utf8mb4_general_ci;

--
-- Dumping data for table `produk`
--

INSERT INTO `produk` (`id`, `nama_produk`, `id_kategori`, `harga`, `stok`) VALUES
(1, 'Serum Brightening A', 1, 85000.00, 48),
(2, 'Hydrating Toner B', 2, 65000.00, 38),
(3, 'Moisturizer C', 3, 90000.00, 30),
(4, 'UV Sunscreen D SPF 50', 4, 78000.00, 20),
(5, 'Gentle Cleanser E', 5, 55000.00, 60);

-- --------------------------------------------------------

--
-- Table structure for table `transaksi`
--

CREATE TABLE `transaksi` (
  `id` int(11) NOT NULL,
  `tanggal` datetime DEFAULT current_timestamp(),
  `total` decimal(10,2) DEFAULT NULL,
  `id_pelanggan` int(11) NOT NULL
) ENGINE=InnoDB DEFAULT CHARSET=utf8mb4 COLLATE=utf8mb4_general_ci;

--
-- Dumping data for table `transaksi`
--

INSERT INTO `transaksi` (`id`, `tanggal`, `total`, `id_pelanggan`) VALUES
(1, '2025-06-14 10:15:00', 170000.00, 0),
(3, '2025-06-15 00:06:24', 50000.00, 0),
(4, '2025-06-14 19:44:15', 300000.00, 0),
(5, '2025-06-15 01:12:09', NULL, 0),
(6, '2025-06-15 01:12:09', 600000.00, 0);

-- --------------------------------------------------------

--
-- Table structure for table `transaksi_detail`
--

CREATE TABLE `transaksi_detail` (
  `id` int(11) NOT NULL,
  `id_transaksi` int(11) DEFAULT NULL,
  `id_produk` int(11) DEFAULT NULL,
  `jumlah` int(11) DEFAULT NULL,
  `subtotal` decimal(10,2) DEFAULT NULL,
  `harga_satuan` decimal(10,2) NOT NULL,
  `id_pelanggan` int(11) NOT NULL
) ENGINE=InnoDB DEFAULT CHARSET=utf8mb4 COLLATE=utf8mb4_general_ci;

--
-- Dumping data for table `transaksi_detail`
--

INSERT INTO `transaksi_detail` (`id`, `id_transaksi`, `id_produk`, `jumlah`, `subtotal`, `harga_satuan`, `id_pelanggan`) VALUES
(1, 1, 1, 1, 85000.00, 0.00, 0),
(2, 1, 2, 1, 65000.00, 0.00, 0),
(3, 1, 5, 1, 20000.00, 0.00, 0),
(5, 4, 1, 2, 170000.00, 85000.00, 0),
(6, 4, 2, 2, 130000.00, 65000.00, 0);

-- --------------------------------------------------------

--
-- Table structure for table `users`
--

CREATE TABLE `users` (
  `id_user` int(11) NOT NULL,
  `username` varchar(50) NOT NULL,
  `PASSWORD` varchar(255) NOT NULL,
  `role` enum('admin','kasir') DEFAULT 'kasir'
) ENGINE=InnoDB DEFAULT CHARSET=utf8mb4 COLLATE=utf8mb4_general_ci;

--
-- Indexes for dumped tables
--

--
-- Indexes for table `kategori`
--
ALTER TABLE `kategori`
  ADD PRIMARY KEY (`id`);

--
-- Indexes for table `pelanggan`
--
ALTER TABLE `pelanggan`
  ADD PRIMARY KEY (`id`);

--
-- Indexes for table `produk`
--
ALTER TABLE `produk`
  ADD PRIMARY KEY (`id`),
  ADD KEY `id_kategori` (`id_kategori`);

--
-- Indexes for table `transaksi`
--
ALTER TABLE `transaksi`
  ADD PRIMARY KEY (`id`),
  ADD KEY `id_pelanggan` (`id_pelanggan`);

--
-- Indexes for table `transaksi_detail`
--
ALTER TABLE `transaksi_detail`
  ADD PRIMARY KEY (`id`),
  ADD KEY `id_transaksi` (`id_transaksi`),
  ADD KEY `id_produk` (`id_produk`),
  ADD KEY `id_pelanggan` (`id_pelanggan`);

--
-- Indexes for table `users`
--
ALTER TABLE `users`
  ADD PRIMARY KEY (`id_user`);

--
-- AUTO_INCREMENT for dumped tables
--

--
-- AUTO_INCREMENT for table `kategori`
--
ALTER TABLE `kategori`
  MODIFY `id` int(11) NOT NULL AUTO_INCREMENT, AUTO_INCREMENT=6;

--
-- AUTO_INCREMENT for table `pelanggan`
--
ALTER TABLE `pelanggan`
  MODIFY `id` int(11) NOT NULL AUTO_INCREMENT, AUTO_INCREMENT=3;

--
-- AUTO_INCREMENT for table `produk`
--
ALTER TABLE `produk`
  MODIFY `id` int(11) NOT NULL AUTO_INCREMENT, AUTO_INCREMENT=6;

--
-- AUTO_INCREMENT for table `transaksi`
--
ALTER TABLE `transaksi`
  MODIFY `id` int(11) NOT NULL AUTO_INCREMENT, AUTO_INCREMENT=7;

--
-- AUTO_INCREMENT for table `transaksi_detail`
--
ALTER TABLE `transaksi_detail`
  MODIFY `id` int(11) NOT NULL AUTO_INCREMENT, AUTO_INCREMENT=7;

--
-- AUTO_INCREMENT for table `users`
--
ALTER TABLE `users`
  MODIFY `id_user` int(11) NOT NULL AUTO_INCREMENT;

--
-- Constraints for dumped tables
--

--
-- Constraints for table `produk`
--
ALTER TABLE `produk`
  ADD CONSTRAINT `produk_ibfk_1` FOREIGN KEY (`id_kategori`) REFERENCES `kategori` (`id`);

--
-- Constraints for table `transaksi_detail`
--
ALTER TABLE `transaksi_detail`
  ADD CONSTRAINT `transaksi_detail_ibfk_1` FOREIGN KEY (`id_transaksi`) REFERENCES `transaksi` (`id`),
  ADD CONSTRAINT `transaksi_detail_ibfk_2` FOREIGN KEY (`id_produk`) REFERENCES `produk` (`id`);
COMMIT;

/*!40101 SET CHARACTER_SET_CLIENT=@OLD_CHARACTER_SET_CLIENT */;
/*!40101 SET CHARACTER_SET_RESULTS=@OLD_CHARACTER_SET_RESULTS */;
/*!40101 SET COLLATION_CONNECTION=@OLD_COLLATION_CONNECTION */;
